{"Version":2,"SourceFileDate":133042728774226865,"Flags":["FL_BITMAP_COMPRESSION","FL_BITMAP_MIPMAP","FL_BITMAP_QUALITY_HIGH","FL_BITMAP_PRECOMPUTED_INV_AVG"],"InvAvgColor":[1.0460538864135742,1.2762621641159058,14.603194236755371],"HasTransp":true}