{"Version":2,"SourceFileDate":133042788180342420,"Flags":["FL_BITMAP_COMPRESSION","FL_BITMAP_MIPMAP","FL_BITMAP_QUALITY_HIGH","FL_BITMAP_PRECOMPUTED_INV_AVG"],"InvAvgColor":[1.0574077367782593,1.3337991237640381,15.25843334197998],"HasTransp":true}