{"Version":2,"SourceFileDate":133126764539164350,"Flags":["FL_BITMAP_COMPRESSION","FL_BITMAP_MIPMAP","FL_BITMAP_QUALITY_HIGH","FL_BITMAP_PRECOMPUTED_INV_AVG"],"InvAvgColor":[1.0519797801971436,1.3225071430206299,15.088603019714355],"HasTransp":true}