{"Version":2,"SourceFileDate":133042587207218243,"Flags":["FL_BITMAP_COMPRESSION","FL_BITMAP_MIPMAP","FL_BITMAP_QUALITY_HIGH","FL_BITMAP_PRECOMPUTED_INV_AVG"],"InvAvgColor":[1.0565954446792603,1.329553484916687,15.21009349822998],"HasTransp":true}